engine,length,result,runtime_ms,intermediate_paths
recap-new-optimized,2,18,12.838974595069885,20
recap-new-optimized,3,103,15.335872769355774,105
recap-new-optimized,4,307,19.414260983467102,309
recap-new-optimized,5,835,25.90465545654297,837
recap-new-optimized,6,1433,41.718244552612305,1435
recap-new-optimized,7,1991,44.5026159286499,1993
recap-new-optimized,8,2489,52.34569311141968,2491
recap-new-optimized,9,2886,53.18748950958252,2888
recap-new-optimized,10,3194,64.04583156108856,3196
